Patch,SUGName
4338832,SUG-Jul-2018
4339093,SUG-Jul-2018
4338815,SUG-Jul-2018
4338814,SUG-Jul-2018
4338829,SUG-Jul-2018
4338826,SUG-Jul-2018
4338825,SUG-Jul-2018
4338819,SUG-Jul-2018
4338830,SUG-Jul-2018
4293756,SUG-Jul-2018
4338823,SUG-Jul-2018
4338824,SUG-Jul-2018
4338820,SUG-Jul-2018
4011202,SUG-Jul-2018
4032214,SUG-Jul-2018
4339854,SUG-Jul-2018
4291391,SUG-Jul-2018
4339291,SUG-Jul-2018
4295656,SUG-Jul-2018
4340583,SUG-Jul-2018
4022200,SUG-Jul-2018
4022218,SUG-Jul-2018
4022224,SUG-Jul-2018
4022202,SUG-Jul-2018
4018338,SUG-Jul-2018
4018351,SUG-Jul-2018
4339503,SUG-Jul-2018
4284878,SUG-JulRem-2018
4284815,SUG-JulRem-2018
4284867,SUG-JulRem-2018
4230467,SUG-JulRem-2018
4294413,SUG-JulRem-2018
4234459,SUG-JulRem-2018
4230450,SUG-JulRem-2018
3074228,SUG-JulRem-2018
3023219,SUG-JulRem-2018
3037576,SUG-JulRem-2018
3097992,SUG-JulRem-2018
3074545,SUG-JulRem-2018
2871997,SUG-JulRem-2018
2565063,SUG-JulRem-2018
2467173,SUG-JulRem-2018
2538243,SUG-JulRem-2018
2538242,SUG-JulRem-2018
4103725,SUG-JulRem-2018
4284826,SUG-JulRem-2018
4287903,SUG-JulRem-2018
4099635,SUG-JulRem-2018
4103718,SUG-JulRem-2018
4103712,SUG-JulRem-2018
4103715,SUG-JulRem-2018
4103768,SUG-JulRem-2018
3192391,SUG-JulRem-2018
3185330,SUG-JulRem-2018
3192392,SUG-JulRem-2018
3185331,SUG-JulRem-2018
4011611,SUG-JulRem-2018
4011675,SUG-JulRem-2018
4011714,SUG-JulRem-2018
4011730,SUG-JulRem-2018